<?xml version="1.0" encoding="UTF-8" standalone="yes"?>
<addon id="plugin.program.taquitz" name="Taquitz Wizard" version="1.0.0" provider-name="HWWTN">
  <requires>
    <import addon="xbmc.python" version="2.1.0"/>
  </requires>
  <extension point="xbmc.python.pluginsource" library="default.py">
        <provides>program executable</provides>
  </extension>
  <extension point="xbmc.addon.metadata">
		<summary lang="en">Welcome to the Taquitz Wizard</summary>
		<description lang="en">This addon has builds and a fresh start.  Thanks to the KoDIY Team for the help</description>
		<disclaimer lang="en">For help and support ... Twitter @HWWTN</disclaimer>
		<platform>all</platform>
	</extension>
</addon>
