<?xml version="1.0" encoding="UTF-8" standalone="yes"?>
<addon id="plugin.video.serendipity" name="Serendipity" version="0.0.3" provider-name="Gracie">
	<requires>
		<import addon="xbmc.python" version="2.19.0" />
		<import addon="script.module.nanscrapers" version="0.5.5" />
        <import addon="script.module.python.koding.aio" version="0.0.1"/>
	</requires>	
	<extension point="xbmc.python.pluginsource" library="default.py">
		<provides>video</provides>
	</extension>
	<extension point="xbmc.addon.metadata">
		<summary lang="en">Assortment of Good and Fun</summary>
		<description lang="en">I do not own any of this content</description>
		<platform>all</platform>
	</extension>
</addon>
