<?xml version="1.0" encoding="UTF-8" standalone="yes"?>
<addon id="plugin.video.goldencinema" name="[B][COLOR gold]Golden Cinema[/COLOR][/B]" version="2.3" provider-name="Gracie">
  <requires>
    <import addon="xbmc.python" version="2.1.0"/>
	<import addon="script.module.urlresolver" />
	<import addon="script.module.requests" />
  </requires>
  <extension point="xbmc.python.pluginsource" library="default.py">
        <provides>video</provides>
  </extension>
  <extension point="xbmc.addon.metadata">
    <summary lang="en">Timeless Classics from The Golden Age</summary>
    <description lang="en">added 3 more sections</description>
	<disclaimer lang="en">The author does not host or own any content found within this Addon. The Author is not connected to or in any other way affiliated with Kodi, Team Kodi, or the XBMC Foundation.</disclaimer>
    <platform>all</platform>
  </extension>
</addon>
