<?xml version="1.0" encoding="UTF-8" standalone="yes"?>
<addon id="plugin.video.extreme" name="Extreme Sports" version="0.0.1" provider-name="Loose Cannon">
	<requires>
		<import addon="xbmc.python" version="2.19.0" />
		<import addon="script.module.nanscrapers" version="0.5.5" />
        <import addon="script.module.python.koding.aio" version="0.0.1"/>
	</requires>
	<extension point="xbmc.python.pluginsource" library="default.py">
		<provides>video</provides>
	</extension>
	<extension point="xbmc.addon.metadata">
		<summary lang="en">Adrenaline Junkies Apply</summary>
		<description lang="en">Team Looking Glass/Gracie242</description>
		<platform>all</platform>
		<forum></forum>
		<website></website>
		<news></news>
		<genre>extreme sports</genre>
		<video_guide></video_guide>
		<video_preview></video_preview>
	</extension>
</addon>
