<items>
        <item>
        <title>[COLORorange]Boo! A Madea Halloween (2016)[/COLOR]</title>
        <link>https://streamango.com/f/qnbtsrmnlapkrtss/Boo_A_Madea_Halloween_2016_720p_BRRip_x264_AAC-ETRG_m</link>
        <thumbnail>https://image.tmdb.org/t/p/w1280/dixsnX3uUBEQ5I7NtBE68wtFMEg.jpg</thumbnail>
        </item>

        <item>
        <title>[COLORorange]Halloween (1978)[/COLOR]</title>
        <link>https://streamango.com/f/kpkcodqmkpmbalkk/Halloween_1978_720p_BRrip_x264_YIFY_mp4</link>
        <thumbnail>https://image.tmdb.org/t/p/w640/vjoOFOTBJcJvA1weJejlZ92LZD4.jpg</thumbnail>
        </item>

        <item>
        <title>[COLORorange]Halloween II (1981)[/COLOR]</title>
        <link>https://streamango.com/f/fcnoltsblbolnnql/Halloween_II_1981_720p_BRrip_x264_YIFY_mp4</link>
        <thumbnail>https://image.tmdb.org/t/p/w640/9oXa66gARefZBuca4xpD8EFbcVg.jpg</thumbnail>
        </item>

        <item>
        <title>[COLORorange]Halloween III: Season of the Witch (1982)[/COLOR]</title>
        <link>https://streamango.com/f/mebkpcmsmlffdomo/Halloween_III_Season_of_The_Witch_1982_720p_BRrip_x264_YIFY_mp4</link>
        <thumbnail>https://image.tmdb.org/t/p/w640/svPexK18MEl0lyAqb8fFUGGsEQ8.jpg</thumbnail>
        </item>

        <item>
        <title>[COLORorange]Halloween 4: The Return of Michael Myers (1988)[/COLOR]</title>
        <link>https://streamango.com/f/leqmoeckkpelnemq/Halloween_4_The_Return_Of_Michael_Myers_fiveofseven_zombiRG_mp4</link>
        <thumbnail>https://image.tmdb.org/t/p/w640/oudmrV1WljSJMpgwq6K4VzbIMMK.jpg</thumbnail>
        </item>

        <item>
        <title>[COLORorange]Halloween 5: The Revenge of Michael Myers (1989)[/COLOR]</title>
        <link>https://streamango.com/f/nncpqqmlcoarcaol/Halloween_5_fiveofseven_zombiRG_mp4</link>
        <thumbnail>https://image.tmdb.org/t/p/w1280/gQwN6KXBuO94kaYpeX3uaueszkd.jpg</thumbnail>
        </item>

        <item>
        <title>[COLORorange]Halloween: The Curse of Michael Myers (1995)[/COLOR]</title>
        <link>https://streamango.com/f/ecpofmsmpncsomno/Halloween_6_The_Curse_of_Michael_Myers_1995_720p_BRrip_x264_YIFY_mp4</link>
        <thumbnail>https://image.tmdb.org/t/p/w1280/8Tw5IttoEATGD2FHhcG9bDzqwbi.jpg</thumbnail>
        </item>

        <item>
        <title>[COLORorange]Halloween H2O: 20 Years Later (1998)[/COLOR]</title>
        <link>https://streamango.com/f/tfbmfttqoqcstsst/Halloween_H20_20_Years_Later_1998_avi</link>
        <thumbnail>https://image.tmdb.org/t/p/w1280/crycJDHRvpQyZeQyRYtIZKIpNzK.jpg</thumbnail>
        </item>

        <item>
        <title>[COLORorange]Halloween: Resurrection (2002)[/COLOR]</title>
        <link>https://streamango.com/f/cqplqcepfepomcfr/Halloween_The_Resurrection_avi</link>
        <thumbnail>https://image.tmdb.org/t/p/w1280/9aKyqYdOGbZvUCRDxXAbRqCxM5e.jpg</thumbnail>
        </item>

        <item>
        <title>[COLORorange]Halloween (2007)[/COLOR]</title>
        <link>https://streamango.com/f/bkdrdpfbpqeafddq/Halloween_UNRATED_2007_720p_BRrip_x264_YIFY_mp4</link>
        <thumbnail>https://image.tmdb.org/t/p/w1280/9CPYBA1Fq5BdCmViSPyfPiBOcTH.jpg</thumbnail>
        </item>

        <item>
        <title>[COLORorange]Halloween II (2009)[/COLOR]</title>
        <link>https://streamango.com/f/ecslkssmebektfcq/Halloween_II_2009_1080p_BRrip_x264_YIFY_mp4</link>
        <thumbnail>https://image.tmdb.org/t/p/w1280/pXei2go7b2d5VyAvMKAVhyPqecW.jpg</thumbnail>
        </item>

        <item>
        <title>[COLORorange]Halloweentown (1998)[/COLOR]</title>
        <link>https://streamango.com/f/raeemlkkepnprtnc/Halloweentown_1998_DvDrip_eng_Tam_avi</link>
        <thumbnail>https://image.tmdb.org/t/p/w640/b2bUOe2qL86GUDoncknSqCXaQgK.jpg</thumbnail>
        </item>

        <item>
        <title>[COLORorange]Halloweentown II: Kalabar's Revenge (2001)[/COLOR]</title>
        <link>https://streamango.com/f/qmbfercmcebplcop/Halloweentown_II_-_Kalabar_s_Revenge_2001_DvDrip_eng_Tam_avi</link>
        <thumbnail>https://image.tmdb.org/t/p/w1280/v5ZJECL4rKsYGnmz61C5qtaj3xj.jpg</thumbnail>
        </item>

        <item>
        <title>[COLORorange]Halloweentown High (2004)[/COLOR]</title>
        <link>https://streamango.com/f/fnmtrqmrbfmncaln/Halloweentown_High_2004_DvDrip_Eng_Tam_avi</link>
        <thumbnail>https://image.tmdb.org/t/p/w1280/unR7yBuFLvz0QkJ7BVh4TmMT3Uc.jpg</thumbnail>
        </item>

        <item>
        <title>[COLORorange]Return to Halloweentown (2006)[/COLOR]</title>
        <link>https://streamango.com/f/rtlfkrfqpmtkcqtl/Return_To_Halloweentown_2007_SWESUB_DVDRip_XviD-SWEpneT_avi</link>
        <thumbnail>https://image.tmdb.org/t/p/w1280/oiL8krInXEmtaLUqciN6g4UWGwT.jpg</thumbnail>
        </item>

        <item>
        <title>[COLORorange]Hocus Pocus (1993)[/COLOR]</title>
        <link>https://streamango.com/f/tbbareqqaeotobfm/Hocus_Pocus_1993_1080p_BrRip_x264_YIFY_mp4</link>
        <thumbnail>https://image.tmdb.org/t/p/w1280/okCXNIX9QXNXbWM9NBnKlMpYVBd.jpg</thumbnail>
        </item>

        <item>
        <title>[COLORorange]Its the Great Pumpkin Charlie Brown (1966)[/COLOR]</title>
        <link>https://streamango.com/f/adsplsomknekpdnt/Its_The_Great_Pumpkin_Charlie_Brown_1966_MnM-RG_H264_mp4</link>
        <thumbnail>https://image.tmdb.org/t/p/w640/9QdnfxTDKUSW1t23sKSQjPNs0iD.jpg</thumbnail>
        </item>

        <item>
        <title>[COLORorange]Monster House (2006)[/COLOR]</title>
        <link>https://streamango.com/f/dfqscrmlstnkcqod/Monster_House_2006_720p_BluRay_x264_YIFY_mp4</link>
        <thumbnail>https://image.tmdb.org/t/p/w1280/vOhKyKxlmtRwRHqKGV2VrFhJjCG.jpg</thumbnail>
        </item>

        <item>
        <title>[COLORorange]ParaNorman (2012)[/COLOR]</title>
        <link>https://streamango.com/f/nadosndfcblafbml/Paranorman_2012_720p_BrRip_x264_YIFY_mp4</link>
        <thumbnail>https://image.tmdb.org/t/p/w1280/pfGmWVyGHgdJrdKrZ5RWZpbAhkn.jpg</thumbnail>
        </item>

        <item>
        <title>[COLORorange]Tales of Halloween (2015)[/COLOR]</title>
        <link>https://streamango.com/f/maffsplsktpmtono/Tales_of_Halloween_2015_720p_WEBRip_x264_AAC-ETRG_mp4</link>
        <thumbnail>https://image.tmdb.org/t/p/w1280/hISRq3TJdALQj1RGCS6bQxbTnAf.jpg</thumbnail>
        </item>

        <item>
        <title>[COLORorange]The Houses October Built (2014)[/COLOR]</title>
        <link>https://streamango.com/f/alkrsdstbqffbfcd/The_Houses_October_Built_2014_WEB-DL_x264-RARBG_mp4</link>
        <thumbnail>https://image.tmdb.org/t/p/w1280/b4FCnCClSVTHK55QiNwS9p9IeCF.jpg</thumbnail>
        </item>

        <item>
        <title>[COLORorange]The Houses October Built 2 (2017)[/COLOR]</title>
        <link>https://streamango.com/f/bcrortqrllcbando/The_Houses_October_Built_2_2017_HDRip_DD2_0_x264-BDP_mkv</link>
        <thumbnail>https://image.tmdb.org/t/p/w640/9ePD42CjuXgwsFNDl3EC8KRi0XC.jpg</thumbnail>
        </item>
        
</items>