<items>
	<item>
        <title>[COLORdarkorange]The Exorcist (1973)[/COLOR]</title>
        <link>https://streamango.com/f/appatdmnalnqsrnp/The_20Exorcist_201973_20720p_20_28MarzFun_ir_29_mkv</link>
        <thumbnail>https://image.tmdb.org/t/p/w640/kCimAd6QNYTn28xfYBmqhLLyfIX.jpg</thumbnail>
        </item>

        <item>
        <title>[COLORdarkorange]The Exorcist II: The Heretic (1977)[/COLOR]</title>
        <link>https://streamango.com/f/opfsdnltbdsnnlod/Exorcist_II_The_Heretic_1977_720p_20_28MarzFun_ir_29_mp4</link>
        <thumbnail>https://image.https://streamango.com/f/appatdmnalnqsrnp/The_20Exorcist_201973_20720p_20_28MarzFun_ir_29_mkvtmdb.org/t/p/w640/9LY6AT2Ih9u7V09Q5Ls6NOs5fXk.jpg</thumbnail>
        </item>

        <item>
        <title>[COLORdarkorange]The Exorcist III (1990)[/COLOR]</title>
        <link>https://streamango.com/f/qstfmbmoedpeeona/The_Exorcist_III_1990_720p_20_28MarzFun_ir_29_mkv_mp4</link>
        <thumbnail>https://image.tmdb.org/t/p/w640/xU1mJq4AihDXAhEmdOmCgPCy1li.jpg</thumbnail>
        </item>

        <item>
        <title>[COLORdarkorange]Exorcist: The Beginning (2004)[/COLOR]</title>
        <link>https://streamango.com/f/tsnslcmcqdqddrlf/Exorcist_The_Beginning_720p_20_28MarzFun_ir_29_mkv</link>
        <thumbnail>https://image.tmdb.org/t/p/w640/alJleKIJSsfdNP0vBYUDqM9Umg6.jpg</thumbnail>
        </item>

        <item>
        <title>[COLORdarkorange]Dominion: Prequel to the Exorcist (2005)[/COLOR]</title>
        <link>https://streamango.com/f/dcnmcfedcadcebqt/Dominion_Prequel_To_The_Exorcist_2005_720p_20_28MarzFun_ir_29_mkv_mp4</link>
        <thumbnail>https://image.tmdb.org/t/p/w640/Ad5PgM9d0VweUgcseXrVCJONw28.jpg</thumbnail>
        </item>

</items>