<items>
        <item>
        <title>[B][COLORwhite]##### MOVIES #####[/COLOR][/B]</title>
        <link>none</link>
        <thumbnail>https://i.imgur.com/BoLJslX.jpg</thumbnail>
        </item>

        <item>
        <title>[B][COLORdarkorange]Halloween Movies[/COLOR][/B]</title>
        <link>https://raw.githubusercontent.com/bentkatu/repository.atrain/master/plugin.video.tempusmovies/resources/halmovies.xml</link>
        <thumbnail>https://i.imgur.com/T51h7iP.png</thumbnail>
        </item>

        <item>
        <title>[B][COLORdarkorange]Halloween Movie Series[/COLOR][/B]</title>
        <link>https://raw.githubusercontent.com/bentkatu/repository.atrain/master/plugin.video.tempusmovies/resources/halseries.xml</link>
        <thumbnail>https://i.imgur.com/HEiyeaf.jpg</thumbnail>
        </item>

        <item>
        <title>[B][COLORpurple]Halloween Movies for Kids[/COLOR][/B]</title>
        <link>https://raw.githubusercontent.com/bentkatu/repository.atrain/master/plugin.video.tempusmovies/resources/kids.xml</link>
        <thumbnail>https://i.imgur.com/3i8wdaG.jpg</thumbnail>
        </item>

        <item>
        <title>[B][COLORwhite]##### TV SHOWS #####[/COLOR][/B]</title>
        <link>none</link>
        <thumbnail>https://i.imgur.com/BoLJslX.jpg</thumbnail>
        </item>

        <item>
        <title>[B][COLORdarkorange]Halloween TV Shows[/COLOR][/B]</title>
        <link>https://raw.githubusercontent.com/bentkatu/repository.atrain/master/plugin.video.tempusmovies/resources/haltvshows.xml</link>
        <thumbnail>https://i.imgur.com/P2LuwVk.jpg</thumbnail>
        </item>

</items>        