<items>
        <item>
        <title>[COLORdarkorange]Captain Kronos - Vampire Hunter (1974)[/COLOR]</title>
        <link>https://www.rapidvideo.com/v/FKSNUHS8FZ</link>
        <thumbnail>https://image.tmdb.org/t/p/w640/j2Vfuzh18uNHcgV7nzwLmldA7aL.jpg</thumbnail>
        </item>

	<item>
        <title>[COLORdarkorange]Dracula: Prince of Darkness (1966)[/COLOR]</title>
        <link>https://www.rapidvideo.com/v/FKSKBQY63X</link>
        <thumbnail>https://image.tmdb.org/t/p/w640/AcrStPFOuXhOTXmJ6uf6V89cnke.jpg</thumbnail>
        </item>

        <item>
        <title>[COLORdarkorange]Horror of Dracula (1958)[/COLOR]</title>
        <link>https://streamango.com/f/mcmdscplqoasbpca/The_Horror_of_Dracula_avi</link>
        <thumbnail>https://image.tmdb.org/t/p/w1280/ta6eEnj6A2WpI0PxMeWwaaZ9syd.jpg</thumbnail>
        </item>

        <item>
        <title>[COLORdarkorange]Night of the Living Dead (1968)[/COLOR]</title>
        <link>https://streamango.com/f/lkkmeeefcqnbamcs/Night_Of_The_Living_Dead_1968_720p_BRRip_x264-x0r_mkv</link>
        <thumbnail>https://image.tmdb.org/t/p/w640/aE65rDcG2xiKPnl5ypAqh2jg0g6.jpg</thumbnail>
        </item>

        <item>
        <title>[COLORdarkorange]The Brides of Dracula (1960)[/COLOR]</title>
        <link>https://streamango.com/f/soskqsflrktbfrol/The_Brides_of_Dracula_1960_720p_BluRay_x264_YIFY_mp4</link>
        <thumbnail>https://image.tmdb.org/t/p/w1280/zO3v1I1CEGVoerS1nD0wTMULr6d.jpg</thumbnail>
        </item>

        <item>
        <title>[COLORdarkorange]The Curse of Frankenstein (1957)[/COLOR]</title>
        <link>https://streamango.com/f/clnpseaamqffskbd/The_Curse_of_Frankenstein_Horror_1957_Peter_Cushing_Hazel_Court_Robert_Urquhart_BR_mp4</link>
        <thumbnail>https://image.tmdb.org/t/p/w640/f4dwXdeZFHzLKMNgKGe46RWsMmM.jpg</thumbnail>
        </item>

        <item>
        <title>[COLORdarkorange]The Curse of the Werewolf (1961)[/COLOR]</title>
        <link>https://www.rapidvideo.com/v/FKRUXF2J6Y</link>
        <thumbnail>https://image.tmdb.org/t/p/w640/bEooe0py5M8tvfIrjRZPmxzNsHy.jpg</thumbnail>
        </item>

        <item>
        <title>[COLORdarkorange]The Devil Rides Out (1968)[/COLOR]</title>
        <link>https://www.rapidvideo.com/v/FKRUDF7ZSX</link>
        <thumbnail>https://image.tmdb.org/t/p/w640/qlKvZNEFHm6IeeY9hk4qyi7Abnv.jpg</thumbnail>
        </item>

        <item>
        <title>[COLORdarkorange]The Gorgon (1964)[/COLOR]</title>
        <link>https://estream.to/aagbj86yethh.html</link>
        <thumbnail>https://image.tmdb.org/t/p/w640/55OXNIl9zxi881AaJ0lrPwvocF5.jpg</thumbnail>
        </item>

        <item>
        <title>[COLORdarkorange]The Hound of the Baskervilles (1959)[/COLOR]</title>
        <link>https://www.rapidvideo.com/v/FKSL0KEC1P</link>
        <thumbnail>https://image.tmdb.org/t/p/w640/8gyic2YvGuAXQutiAcLHx2rBwie.jpg</thumbnail>
        </item>

        <item>
        <title>[COLORdarkorange]The Mummy (1959)[/COLOR]</title>
        <link>https://www.rapidvideo.com/v/FKRO5BTSOM</link>
        <thumbnail>https://image.tmdb.org/t/p/w640/vQeII34wSF0XZTN9C8lvvd6bJv5.jpg</thumbnail>
        </item>

        <item>
        <title>[COLORdarkorange]The Plague of the Zombies (1966)[/COLOR]</title>
        <link>https://www.rapidvideo.com/v/FKSKXG6P9A</link>
        <thumbnail>https://image.tmdb.org/t/p/w640/bP5lFuTxs8tGyxW1uvbJzEvaWfx.jpg</thumbnail>
        </item>

        <item>
        <title>[COLORdarkorange]The Quatermass Xperiment (1955)[/COLOR]</title>
        <link>https://streamango.com/f/stonlbatmmemtbaq/The_Quatermass_Xperiment_1955_720p_BluRay_x264_YIFY_mp4</link>
        <thumbnail>https://image.tmdb.org/t/p/w640/iCHYu8BuvNLpj6OfL8i8SMvDmPs.jpg</thumbnail>
        </item>

</items>