<items>
        <item>
        <title>[B][COLORwhite]##### WELCOME TO TEMPUS MOVIES#####[/COLOR][/B]</title>
        <link>none</link>
        <thumbnail>https://i.imgur.com/xSVd6DM.jpg</thumbnail>
        </item>

        <item>
        <title>[B][COLORfuchsia]Contact me via Twitter @_atrain_ooOO for Requests[/COLOR][/B]</title>
        <link>none</link>
        <thumbnail>https://i.imgur.com/907gLMr.jpg</thumbnail>
        </item>

        <item>
        <title>[B][COLORdarkorange]HALLOWEEN[/COLOR][/B]</title>
        <link>https://raw.githubusercontent.com/bentkatu/repository.atrain/master/plugin.video.tempusmovies/resources/halloween.xml</link>
        <thumbnail>https://image.freepik.com/free-vector/spooky-halloween-background-with-pumpkins-in-a-cemetery_1048-3055.jpg</thumbnail>
        </item>

        <item>
        <title>[B][COLORskyblue]##### COMING SOON #####[/COLOR][/B]</title>
        <link>none</link>
        <thumbnail>https://image.freepik.com/free-vector/background-of-empty-room-with-text-of-coming-soon_1017-5068.jpg</thumbnail>
        </item>

        <item>
        <title>[B][COLORsaddlebrown]THANKSGIVING[/COLOR][/B]</title>
        <link>https://raw.githubusercontent.com/bentkatu/repository.atrain/master/plugin.video.tempusmovies/resources/thanksgiving.xml</link>
        <thumbnail>https://cdn.raceroster.com/image_uploads/fd7e9bb70a40c6805a4634cab5d8d4f5.png</thumbnail>
        </item>

        <item>
        <title>[B][COLORred]CHRISTMAS[/COLOR][/B]</title>
        <link>https://raw.githubusercontent.com/bentkatu/repository.atrain/master/plugin.video.tempusmovies/resources/christmas.xml</link>
        <thumbnail>http://www.dream-wallpaper.com/free-wallpaper/holiday-wallpaper/christmas-theme-4-wallpaper/1920x1440/free-wallpaper-2.jpg</thumbnail>
        </item>

</items>        