<items>
	<item>
        <title>[COLORdarkorange]S3E1[/COLOR]</title>
        <link>https://estream.to/ffea0tp0lcr8.html</link>
        <thumbnail>none</thumbnail>
        </item>

        <item>
        <title>[COLORdarkorange]S3E2[/COLOR]</title>
        <link>https://estream.to/c7mq4rc5boav.html</link>
        <thumbnail>none</thumbnail>
        </item>

        <item>
        <title>[COLORdarkorange]S3E3[/COLOR]</title>
        <link>https://estream.to/ft1jkzl1s371.html</link>
        <thumbnail>none</thumbnail>
        </item>

        <item>
        <title>[COLORdarkorange]S3E4[/COLOR]</title>
        <link>https://estream.to/6pivd7x0iz2w.html</link>
        <thumbnail>none</thumbnail>
        </item>

        <item>
        <title>[COLORdarkorange]S3E5[/COLOR]</title>
        <link>https://estream.to/uleb8iw6e70j.html</link>
        <thumbnail>none</thumbnail>
        </item>

        <item>
        <title>[COLORdarkorange]S3E6[/COLOR]</title>
        <link>https://estream.to/mbl4qek0hgfi.html</link>
        <thumbnail>none</thumbnail>
        </item>

        <item>
        <title>[COLORdarkorange]S3E7[/COLOR]</title>
        <link>https://estream.to/y4ae379xsexs.html</link>
        <thumbnail>none</thumbnail>
        </item>

        <item>
        <title>[COLORdarkorange]S3E8[/COLOR]</title>
        <link>https://estream.to/h2769xjdox4t.html</link>
        <thumbnail>none</thumbnail>
        </item>

        <item>
        <title>[COLORdarkorange]S3E9[/COLOR]</title>
        <link>https://estream.to/lvxj4mkmo736.html</link>
        <thumbnail>none</thumbnail>
        </item>

        <item>
        <title>[COLORdarkorange]S3E10[/COLOR]</title>
        <link>https://estream.to/vkrr7y0mkim2.html</link>
        <thumbnail>none</thumbnail>
        </item>

        <item>
        <title>[COLORdarkorange]S3E11[/COLOR]</title>
        <link>https://estream.to/5567zaunvkep.html</link>
        <thumbnail>none</thumbnail>
        </item>

        <item>
        <title>[COLORdarkorange]S3E12[/COLOR]</title>
        <link>https://estream.to/whm6pnqpz1qo.html</link>
        <thumbnail>none</thumbnail>
        </item>

        <item>
        <title>[COLORdarkorange]S3E13[/COLOR]</title>
        <link>https://estream.to/u845rgtq8avx.html</link>
        <thumbnail>none</thumbnail>
        </item>

        <item>
        <title>[COLORdarkorange]S3E14[/COLOR]</title>
        <link>https://estream.to/l33pyorpsw5l.html</link>
        <thumbnail>none</thumbnail>
        </item>

        <item>
        <title>[COLORdarkorange]S3E15[/COLOR]</title>
        <link>https://estream.to/0s32a0w9t9mc.html</link>
        <thumbnail>none</thumbnail>
        </item>

        <item>
        <title>[COLORdarkorange]S3E16[/COLOR]</title>
        <link>https://estream.to/r081j4ddwy7t.html</link>
        <thumbnail>none</thumbnail>
        </item>

        <item>
        <title>[COLORdarkorange]S3E17[/COLOR]</title>
        <link>https://estream.to/mp9t7tke2dfd.html</link>
        <thumbnail>none</thumbnail>
        </item>

        <item>
        <title>[COLORdarkorange]S3E18[/COLOR]</title>
        <link>https://estream.to/zjgvpzo6dk06.html</link>
        <thumbnail>none</thumbnail>
        </item>

</items>	

