<items>
	<item>
        <title>[COLORdarkorange]S1E1[/COLOR]</title>
        <link>https://estream.to/8mf9kc7h3zaw.html</link>
        <thumbnail>none</thumbnail>
        </item>

        <item>
        <title>[COLORdarkorange]S1E2[/COLOR]</title>
        <link>https://estream.to/n3vl2zluf712.html</link>
        <thumbnail>none</thumbnail>
        </item>

        <item>
        <title>[COLORdarkorange]S1E3[/COLOR]</title>
        <link>https://estream.to/yulxpfolwyy3.html</link>
        <thumbnail>none</thumbnail>
        </item>

        <item>
        <title>[COLORdarkorange]S1E4[/COLOR]</title>
        <link>https://estream.to/nu1mco3yylw8.html</link>
        <thumbnail>none</thumbnail>
        </item>

        <item>
        <title>[COLORdarkorange]S1E5[/COLOR]</title>
        <link>https://estream.to/3wqxe193jbv1.html</link>
        <thumbnail>none</thumbnail>
        </item>

        <item>
        <title>[COLORdarkorange]S1E6[/COLOR]</title>
        <link>https://estream.to/salp4nxulr6b.html</link>
        <thumbnail>none</thumbnail>
        </item>

        <item>
        <title>[COLORdarkorange]S1E7[/COLOR]</title>
        <link>https://estream.to/se853jra2ls2.html</link>
        <thumbnail>none</thumbnail>
        </item>

        <item>
        <title>[COLORdarkorange]S1E8[/COLOR]</title>
        <link>https://estream.to/e1pufw3nx2dd.html</link>
        <thumbnail>none</thumbnail>
        </item>

        <item>
        <title>[COLORdarkorange]S1E9[/COLOR]</title>
        <link>https://estream.to/gh4gvp55653z.html</link>
        <thumbnail>none</thumbnail>
        </item>

        <item>
        <title>[COLORdarkorange]S1E10[/COLOR]</title>
        <link>https://estream.to/qjxu1e3fn9fc.html</link>
        <thumbnail>none</thumbnail>
        </item>

        <item>
        <title>[COLORdarkorange]S1E11[/COLOR]</title>
        <link>https://estream.to/yfzg7kxs3569.html</link>
        <thumbnail>none</thumbnail>
        </item>

        <item>
        <title>[COLORdarkorange]S1E12 and S1E13[/COLOR]</title>
        <link>https://estream.to/rj12jiwx6vdd.html</link>
        <thumbnail>none</thumbnail>
        </item>

</items>