<?xml version="1.0" encoding="UTF-8" standalone="yes"?>
<addon id="plugin.video.blamo" version="2.3.1" name="Death Streams" provider-name="MR.Blamo">
    <requires>        
		<import addon="xbmc.python" version="2.19.0"/>
        <import addon="script.module.pyxbmct" version="1.1.4"/>
        <import addon="script.module.urlresolver" version="3.0.0"/>
		<import addon="script.module.metahandler" version="1.0.0" />
		<import addon="script.module.futures"/>
        <import addon="script.module.myconnpy" version="1.1.6" />
        <import addon="script.module.deathstreams"/>
        <import addon="script.module.six"/>
        <import addon="script.module.dateutil"/>

        <import addon="script.module.image_cache" optional="true" />
    </requires>
    <extension point="xbmc.python.pluginsource" library="default.py">
        <provides>video</provides>
    </extension>
     <extension point="xbmc.service" library="service.py" start="startup"/>
    <extension point="xbmc.addon.metadata">
        <summary>Stream video from many difference sources, SALTS fork by MR.Blamo</summary>
        <description>This addon uses trakt.tv for most show and movie meta data and uses a variety of websites for hoster sources</description>
        <platform>all</platform>
	</extension>
</addon>