<?xml version="1.0" encoding="UTF-8" standalone="yes"?>
<addon id="repository.gracie242" name="gracie242" version="0.0.1" provider-name="Gracie">
	<extension point="xbmc.addon.repository" name="gracie242">
		<dir>
			<info compressed="false">https://raw.githubusercontent.com/noobsandnerds/modules4all/master/zips/addons.xml</info>
			<checksum>https://raw.githubusercontent.com/noobsandnerds/modules4all/master/zips/addons.xml.md5</checksum>
			<datadir zip="true">https://raw.githubusercontent.com/noobsandnerds/modules4all/master/zips/</datadir>
		</dir>
		<dir>
			<info compressed="false">https://raw.githubusercontent.com/gracie242/zips/master/addons.xml</info>
			<checksum>https://raw.githubusercontent.com/gracie242/zips/master/addons.xml.md5</checksum>
			<datadir zip="true">https://raw.githubusercontent.com/gracie242/zips/master/</datadir>
		</dir>
	</extension>
	<extension point="xbmc.addon.metadata">
		<summary lang="en"></summary>
		<description lang="en">A selection of different sources</description>
		<genre>movies,usa</genre>
	</extension>
</addon>