<?xml version="1.0" encoding="UTF-8" standalone="yes"?>
<addon id="plugin.video.kidsnation" name="Kids Nation" version="0.0.3" provider-name="MuadDib">
  <requires>
    <import addon="xbmc.python" version="2.1.0"/>
    <import addon="plugin.video.youtube"/>
  </requires>
  <extension point="xbmc.python.pluginsource" library="addon.py">
    <provides>video</provides>
  </extension>
  <extension point="xbmc.addon.metadata">
    <language>en</language>
    <summary lang="en">Top content aimed at learning and development for children.</summary>
    <description lang="en">No Content Is Hosted By Us. Any Issues With The Add-On Or You Have A Request Hit Me Up On Twitter</description>
    <disclaimer lang="en"></disclaimer>
    <genre>kids</genre>
    <platform>all</platform>
  </extension>
</addon>