<items>
	<item>
        <title>[COLORdarkorange]Halloween (1978)[/COLOR]</title>
        <link>https://streamango.com/f/kpkcodqmkpmbalkk/Halloween_1978_720p_BRrip_x264_YIFY_mp4</link>
        <thumbnail>https://image.tmdb.org/t/p/w1280/mGJlh8oMyTDhfudvs20kFpYz0Yc.jpg</thumbnail>
        </item>

        <item>
        <title>[COLORdarkorange]Halloween II (1981)[/COLOR]</title>
        <link>https://streamango.com/f/fcnoltsblbolnnql/Halloween_II_1981_720p_BRrip_x264_YIFY_mp4</link>
        <thumbnail>https://image.tmdb.org/t/p/w640/9oXa66gARefZBuca4xpD8EFbcVg.jpg</thumbnail>
        </item>

        <item>
        <title>[COLORdarkorange]Halloween III: Season of the Witch (1982)[/COLOR]</title>
        <link>https://streamango.com/f/mebkpcmsmlffdomo/Halloween_III_Season_of_The_Witch_1982_720p_BRrip_x264_YIFY_mp4</link>
        <thumbnail>https://image.tmdb.org/t/p/w640/svPexK18MEl0lyAqb8fFUGGsEQ8.jpg</thumbnail>
        </item>

        <item>
        <title>[COLORdarkorange]Halloween 4: The Return of Michael Myers (1988)[/COLOR]</title>
        <link>https://streamango.com/f/leqmoeckkpelnemq/Halloween_4_The_Return_Of_Michael_Myers_fiveofseven_zombiRG_mp4</link>
        <thumbnail>https://image.tmdb.org/t/p/w640/oudmrV1WljSJMpgwq6K4VzbIMMK.jpg</thumbnail>
        </item>

        <item>
        <title>[COLORdarkorange]Halloween 5: The Revenge of Michael Myers (1989)[/COLOR]</title>
        <link>https://streamango.com/f/nncpqqmlcoarcaol/Halloween_5_fiveofseven_zombiRG_mp4</link>
        <thumbnail>https://image.tmdb.org/t/p/w1280/gQwN6KXBuO94kaYpeX3uaueszkd.jpg</thumbnail>
        </item>

        <item>
        <title>[COLORdarkorange]Halloween: The Curse of Michael Myers (1995)[/COLOR]</title>
        <link>https://streamango.com/f/ecpofmsmpncsomno/Halloween_6_The_Curse_of_Michael_Myers_1995_720p_BRrip_x264_YIFY_mp4</link>
        <thumbnail>https://image.tmdb.org/t/p/w1280/8Tw5IttoEATGD2FHhcG9bDzqwbi.jpg</thumbnail>
        </item>

        <item>
        <title>[COLORdarkorange]Halloween H2O: 20 Years Later (1998)[/COLOR]</title>
        <link>https://streamango.com/f/tfbmfttqoqcstsst/Halloween_H20_20_Years_Later_1998_avi</link>
        <thumbnail>https://image.tmdb.org/t/p/w1280/crycJDHRvpQyZeQyRYtIZKIpNzK.jpg</thumbnail>
        </item>

        <item>
        <title>[COLORdarkorange]Halloween: Resurrection (2002)[/COLOR]</title>
        <link>https://streamango.com/f/cqplqcepfepomcfr/Halloween_The_Resurrection_avi</link>
        <thumbnail>https://image.tmdb.org/t/p/w1280/9aKyqYdOGbZvUCRDxXAbRqCxM5e.jpg</thumbnail>
        </item>

        <item>
        <title>[COLORdarkorange]Halloween (2007)[/COLOR]</title>
        <link>https://streamango.com/f/bkdrdpfbpqeafddq/Halloween_UNRATED_2007_720p_BRrip_x264_YIFY_mp4</link>
        <thumbnail>https://image.tmdb.org/t/p/w1280/9CPYBA1Fq5BdCmViSPyfPiBOcTH.jpg</thumbnail>
        </item>

        <item>
        <title>[COLORdarkorange]Halloween II (2009)[/COLOR]</title>
        <link>https://streamango.com/f/ecslkssmebektfcq/Halloween_II_2009_1080p_BRrip_x264_YIFY_mp4</link>
        <thumbnail>https://image.tmdb.org/t/p/w1280/pXei2go7b2d5VyAvMKAVhyPqecW.jpg</thumbnail>
        </item>

</items>        