<items>
        <item>
        <title>[COLORorange]A Nightmare on Elm Street (1984)[/COLOR]</title>
        <link>https://streamango.com/f/poltlpqoecbcfbak/A_NIGHTMARE_ON_ELM_STREET_mp4</link>
        <thumbnail>https://image.tmdb.org/t/p/w640/sXFlyjfWv544uKOJmPd2vVsaFm9.jpg</thumbnail>
        </item>

        <item>
        <title>[COLORorange]A Nightmare on Elm Street 2: Freddys Revenge (1985)[/COLOR]</title>
        <link>https://streamango.com/f/bkresdpedrtlsdbq/A_Nightmare_On_Elm_Street_2_Freddys_Revenge_1985_1080p_BrRip_x264_BOKUTOX_YIFY_mp4</link>
        <thumbnail>https://image.tmdb.org/t/p/w640/seEMZxo6bhHWbWPNcBQfsMAk39F.jpg</thumbnail>
        </item>

        <item>
        <title>[COLORorange]A Nightmare on Elm Street 3: Dream Warriors (1987)[/COLOR]</title>
        <link>https://streamango.com/f/cckctlnccltplqfk/A_Nightmare_on_Elm_Street_3_Dream_Warriors_1987_720p_BrRip_x264_BOKUTOX_YIFY_mp4</link>
        <thumbnail>https://image.tmdb.org/t/p/w640/4aMSIhvShIkDrhOsa0WL6KFwnpD.jpg</thumbnail>
        </item>

        <item>
        <title>[COLORorange]A Nightmare on Elm Street 4: The Dream Child (1988)[/COLOR]</title>
        <link>https://streamango.com/f/cacmsrcqtrdqoctr/A_Nightmare_on_Elm_Street_4_The_Dream_Master_1988_720p_BrRip_x264_BOKUTOX_YIFY_mp4</link>
        <thumbnail>https://image.tmdb.org/t/p/w640/oPvDjpZ5xIINxggRJpXwJtf40SW.jpg</thumbnail>
        </item>

        <item>
        <title>[COLORorange]A Nightmare on Elm Street 5: The Dream Child (1989)[/COLOR]</title>
        <link>https://streamango.com/f/taqpacdtntcmmfbp/A_Nightmare_on_Elm_Street_5_The_Dream_Child_1989_720p_BrRIp_x264_BOKUTOX_YIFY_mp4</link>
        <thumbnail>https://image.tmdb.org/t/p/w640/vnorsG2pKAVqIMYsDJbKoOr4CsX.jpg</thumbnail>
        </item>

        <item>
        <title>[COLORorange]Freddys Dead: The Final Nightmare (1991)[/COLOR]</title>
        <link>https://streamango.com/f/pakfnkffmqaaesaf/Freddys_Dead_The_Final_Nightmare_1991_720p_BluRay_x264-x0r_mkv</link>
        <thumbnail>https://image.tmdb.org/t/p/w640/m4IFNmheHcjbLsVWbUq9TIpWL5S.jpg</thumbnail>
        </item>

        <item>
        <title>[COLORorange]A Nightmare on Elm Street (2010)[/COLOR]</title>
        <link>https://streamango.com/f/bssmdlfaokpcepot/A_Nightmare_on_Elm_Street_2010_720p_BrRip_x264_BOKUTOX_YIFY_mp4</link>
        <thumbnail>https://image.tmdb.org/t/p/w640/zPdMcikD993AQRd92iNv0Dxb67T.jpg</thumbnail>
        </item>

        <item>
        <title>[COLORorange]Beetlejuice (1988)[/COLOR]</title>
        <link>https://streamango.com/f/cdkmpbdmtlamdkpk/Beetlejuice_1988_1080p_BluRay_x264_anoXmous_mp4</link>
        <thumbnail>https://image.tmdb.org/t/p/w640/gWnW7vxm8yr01TVLQhL4aI02orp.jpg</thumbnail>
        </item>

        <item>
        <title>[COLORorange]Boo! A Madea Halloween (2016)[/COLOR]</title>
        <link>https://streamango.com/f/qnbtsrmnlapkrtss/Boo_A_Madea_Halloween_2016_720p_BRRip_x264_AAC-ETRG_mp4</link>
        <thumbnail>https://image.tmdb.org/t/p/w1280/dixsnX3uUBEQ5I7NtBE68wtFMEg.jpg</thumbnail>
        </item>

        <item>
        <title>[COLORorange]Casper (1995)[/COLOR]</title>
        <link>https://streamango.com/f/abfdeocfbdrkeopd/Casper_1995_1080p_BluRay_x264_YIFY_mp4</link>
        <thumbnail>https://image.tmdb.org/t/p/w640/cpMbvFDD2C21pqMNXVPhSWGQBR9.jpg</thumbnail>
        </item>

        <item>
        <title>[COLORorange]Children of the Corn (1984)[/COLOR]</title>
        <link>https://streamango.com/f/lberecqcnkcbnpfa/Children_of_the_Corn_1984_avi</link>
        <thumbnail>https://image.tmdb.org/t/p/w1280/zH77CDSRPeYfZZJyyKSt84j62m8.jpg</thumbnail>
        </item>

        <item>
        <title>[COLORorange]Childs Play (1988)[/COLOR]</title>
        <link>https://streamango.com/f/cbfkreqtmsbfdtbt/01_Childs_Play_-_Chucky_Horror_Eng_720p_H264-mp4_mp4</link>
        <thumbnail>https://image.tmdb.org/t/p/w640/dSX9i2buibfyKFRpK2kOe6rtl5R.jpg</thumbnail>
        </item>

        <item>
        <title>[COLORorange]Childs Play 2 (1990)[/COLOR]</title>
        <link>https://streamango.com/f/nktbmorbbfcklstc/02_Childs_Play_2_-_Chucky_Horror_Eng_720p_H264-mp4_mp4</link>
        <thumbnail>https://image.tmdb.org/t/p/w640/xy0qUntbDOVgiTDvSIFlSM3MMzP.jpg</thumbnail>
        </item>

        <item>
        <title>[COLORorange]Childs Play 3 (1991)[/COLOR]</title>
        <link>https://streamango.com/f/coaafqtcnokttmdp/03_Childs_Play_3_-_Chucky_Horror_Eng_720p_H264-mp4_mp4</link>
        <thumbnail>https://image.tmdb.org/t/p/w640/pDko1kIkrCaHBSfBj7pAJu1Diss.jpg</thumbnail>
        </item>

        <item>
        <title>[COLORorange]Bride of Chucky (1998)[/COLOR]</title>
        <link>https://streamango.com/f/sekfnlldqmretnql/04_Bride_of_Chucky_-_Chucky_Horror_Eng_720p_H264-mp4_mp4</link>
        <thumbnail>https://image.tmdb.org/t/p/w640/u5Lc1Li0Hpc452o57E2KaToezZX.jpg</thumbnail>
        </item>

        <item>
        <title>[COLORorange]Seed of Chucky (2004)[/COLOR]</title>
        <link>https://streamango.com/f/tlrlnrqeoamccqmd/05_Seed_of_Chucky_-_Chucky_Horror_Eng_720p_H264-mp4_mp4</link>
        <thumbnail>https://image.tmdb.org/t/p/w640/vOykTC4dMzEHt2fyOxVRWFnl2pl.jpg</thumbnail>
        </item>

        <item>
        <title>[COLORorange]Curse of Chucky (2013)[/COLOR]</title>
        <link>https://streamango.com/f/fsqmqknoeqcakcfb/06_Curse_of_Chucky_-_Chucky_Horror_Eng_720p_H264-mp4_mp4</link>
        <thumbnail>https://image.tmdb.org/t/p/w640/55cHwIJmJxFUWY74FkrDnTdJTEM.jpg</thumbnail>
        </item>

        <item>
        <title>[COLORorange]Cult of Chucky (2017)[/COLOR]</title>
        <link>https://streamango.com/f/rfsbdfpebbkoqqfp/Cult_of_Chucky_2017_UNRATED_DVDRip_XviD_AC3-EVO_avi</link>
        <thumbnail>https://image.tmdb.org/t/p/w640/vSVz5on2HCHhiVTIV7aYIKUN7XG.jpg</thumbnail>
        </item>

        <item>
        <title>[COLORorange]Creepshow (1982)[/COLOR]</title>
        <link>https://streamango.com/f/dcbqntcsaclfrptl/Creepshow_mkv</link>
        <thumbnail>https://image.tmdb.org/t/p/w640/hgKeTL416BPzLZntcsD1k7mNFRN.jpg</thumbnail>
        </item>

        <item>
        <title>[COLORorange]Dog Soldiers (2002)[/COLOR]</title>
        <link>https://streamango.com/f/cokaelatqarqlspm/Dog_Soldiers_2002_720p_X264-ExtraTorrentRG_mp4</link>
        <thumbnail>https://image.tmdb.org/t/p/w640/kJLGyrjnphk6DnaJhYVFFoWJcCy.jpg</thumbnail>
        </item>

        <item>
        <title>[COLORorange]Donnie Darko (2001)[/COLOR]</title>
        <link>https://streamango.com/f/kddommcrroaqncpa/Donnie_20Darko_2002_720pBluRay_-IRHD-_mkv_mp4</link>
        <thumbnail>https://image.tmdb.org/t/p/w640/nmb4QhCRmdfNP6rgb81yUFgI83l.jpg</thumbnail>
        </item>

        <item>
        <title>[COLORorange]The Evil Dead (1981)[/COLOR]</title>
        <link>https://streamango.com/f/pamnbooflsppdkrt/The_Evil_Dead_1981_720p_BRrip_x264_GAZ_YIFY_mp4</link>
        <thumbnail>https://image.tmdb.org/t/p/w1280/7cpSdCrBY7UhiygkcP57dpixXsW.jpg</thumbnail>
        </item>

        <item>
        <title>[COLORorange]Evil Dead II (1987)[/COLOR]</title>
        <link>https://streamango.com/f/nlenqrsnsesdqpco/Evil_Dead_II_1987_720p_BRrip_x264_GAZ_mp4</link>
        <thumbnail>https://image.tmdb.org/t/p/w1280/n49mpgUsPgBfRg2qIEj31HX0chu.jpg</thumbnail>
        </item>

        <item>
        <title>[COLORorange]Frankenweenie (2012)[/COLOR]</title>
        <link>https://streamango.com/f/cbsodrdfnlkrbplr/Frankenweenie_2012_720p_BrRip_x264_YIFY_mp4</link>
        <thumbnail>https://image.tmdb.org/t/p/w1280/zMFJ0Uy9y0Oy3KPbgtRic6IYzRk.jpg</thumbnail>
        </item>

        <item>
        <title>[COLORorange]Fright Night (1985)[/COLOR]</title>
        <link>https://streamango.com/f/lrnbnpaqbroeqasn/Fright_Night_1985_DVDRip_x264-VLiS_mkv</link>
        <thumbnail>https://image.tmdb.org/t/p/w1280/jE0YbuFlmaZUWeVTyYNpzYXjIbn.jpg</thumbnail>
        </item>

        <item>
        <title>[COLORorange]Friday the 13th (1980)[/COLOR]</title>
        <link>https://streamango.com/f/cnemofcsklpkqkdc/Friday_the_13th_1980_720p_BluRay_x264_YIFY_mp4</link>
        <thumbnail>https://image.tmdb.org/t/p/w640/mGJlh8oMyTDhfudvs20kFpYz0Yc.jpg</thumbnail>
        </item>

        <item>
        <title>[COLORorange]Friday the 13th Part 2 (1981)[/COLOR]</title>
        <link>https://streamango.com/f/eodcdsbslmmeorcp/Friday_the_13th_Part_2_1981_720p_BluRay_x264_YIFY_mp4</link>
        <thumbnail>https://image.tmdb.org/t/p/w1280/AoKGfhWyDgZI8XyzRPGRYoCX68d.jpg</thumbnail>
        </item>

        <item>
        <title>[COLORorange]Friday the 13th Part III (1982)[/COLOR]</title>
        <link>https://streamango.com/f/potpemfanmamrakr/Friday_the_13th_Part_III_1982_720p_BluRay_x264_YIFY_mp4</link>
        <thumbnail>https://image.tmdb.org/t/p/w1280/aOIe0FlRevhnjhp3DxTLop8v835.jpg</thumbnail>
        </item>

        <item>
        <title>[COLORorange]Friday the 13th: The Final Chapter (1984)[/COLOR]</title>
        <link>https://streamango.com/f/abscbqfoabcoecob/Friday_the_13th_The_Final_Chapter_1984_720p_BluRay_x264_YIFY_mp4</link>
        <thumbnail>https://image.tmdb.org/t/p/w1280/AaN8bK7bfDOZuxrrqGPDQDytIJ8.jpg</thumbnail>
        </item>

        <item>
        <title>[COLORorange]Friday the 13th: A New Beginning (1985)[/COLOR]</title>
        <link>https://streamango.com/f/tekooqonqmbqaqke/Friday_the_13th_A_New_Beginning_1985_720p_BluRay_x264_YIFY_mp4</link>
        <thumbnail>https://image.tmdb.org/t/p/w1280/aoc6F4Oif0JskHKO1tzZOaopYbF.jpg</thumbnail>
        </item>

        <item>
        <title>[COLORorange]Friday the 13th Part VI: Jason Lives (1986)[/COLOR]</title>
        <link>https://streamango.com/f/rtptfloaalaclbpb/Jason_Lives_Friday_the_13th_Part_VI_1986_720p_BluRay_x264_YIFY_mp4</link>
        <thumbnail>https://image.tmdb.org/t/p/w1280/8O0cJr66yI6pzgVfi8D9s9NH2pn.jpg</thumbnail>
        </item>

        <item>
        <title>[COLORorange]Friday the 13th Part VII: The New Blood (1988)[/COLOR]</title>
        <link>https://streamango.com/f/cmcaooqdmtkndsae/Friday_the_13th_Part_VII_The_New_Blood_1988_720p_BluRay_x264_YIFY_mp4</link>
        <thumbnail>https://image.tmdb.org/t/p/w1280/mt5ijxnTC5a0sS1oPD58Gt9UT5N.jpg</thumbnail>
        </item>

        <item>
        <title>[COLORorange]Friday the 13th Part VIII: Jason Takes Manhattan (1989)[/COLOR]</title>
        <link>https://streamango.com/f/feklnscakanpafrr/Friday_the_13th_Part_VIII_Jason_Takes_Manhattan_1989_720p_BluRay_x264_YIFY_mp4</link>
        <thumbnail>https://image.tmdb.org/t/p/w1280/oAZTwZDHu56IUyq5OQM3q1xX9To.jpg</thumbnail>
        </item>

        <item>
        <title>[COLORorange]Jason Goes to Hell: The Final Friday (1993)[/COLOR]</title>
        <link>https://streamango.com/f/kmqkrkdctsproman/Jason_Goes_to_Hell_The_Final_Friday_1993_720p_BluRay_x264_YIFY_mp4</link>
        <thumbnail>https://image.tmdb.org/t/p/w1280/oZP6uVsuOnIwkDSy8AuN1ybsHuf.jpg</thumbnail>
        </item>

        <item>
        <title>[COLORorange]Jason X (2001)[/COLOR]</title>
        <link>https://streamango.com/f/rmbrklsesarcmenc/Jason_X_2001_720p_BluRay_x264_YIFY_mp4</link>
        <thumbnail>https://image.tmdb.org/t/p/w1280/12eBMMWUX6hjaiTtWHD8GdNUCK2.jpg</thumbnail>
        </item>

        <item>
        <title>[COLORorange]Freddy vs Jason (2003)[/COLOR]</title>
        <link>https://streamango.com/f/bcqeerccbdfkfpeq/Freddy_Vs_Jason_2003_720p_BrRip_x264_BOKUTOX_YIFY_mp4</link>
        <thumbnail>https://image.tmdb.org/t/p/w1280/smD9JEIKuvsllgjgrGTOzzbATeN.jpg</thumbnail>
        </item>

        <item>
        <title>[COLORorange]Ghostbusters (2016)[/COLOR]</title>
        <link>https://streamango.com/f/qlrdespkpdqakqlp/Ghostbusters_2016_HDRip_XViD-ETRG_avi</link>
        <thumbnail>https://image.tmdb.org/t/p/w640/6SkiCknOeWmBLhCerdrgG7elCK7.jpg</thumbnail>
        </item>

        <item>
        <title>[COLORorange]Halloween (1978)[/COLOR]</title>
        <link>https://streamango.com/f/kpkcodqmkpmbalkk/Halloween_1978_720p_BRrip_x264_YIFY_mp4</link>
        <thumbnail>https://image.tmdb.org/t/p/w1280/mGJlh8oMyTDhfudvs20kFpYz0Yc.jpg</thumbnail>
        </item>

        <item>
        <title>[COLORorange]Halloween II (1981)[/COLOR]</title>
        <link>https://streamango.com/f/fcnoltsblbolnnql/Halloween_II_1981_720p_BRrip_x264_YIFY_mp4</link>
        <thumbnail>https://image.tmdb.org/t/p/w640/9oXa66gARefZBuca4xpD8EFbcVg.jpg</thumbnail>
        </item>

        <item>
        <title>[COLORorange]Halloween III: Season of the Witch (1982)[/COLOR]</title>
        <link>https://streamango.com/f/mebkpcmsmlffdomo/Halloween_III_Season_of_The_Witch_1982_720p_BRrip_x264_YIFY_mp4</link>
        <thumbnail>https://image.tmdb.org/t/p/w640/svPexK18MEl0lyAqb8fFUGGsEQ8.jpg</thumbnail>
        </item>

        <item>
        <title>[COLORorange]Halloween 4: The Return of Michael Myers (1988)[/COLOR]</title>
        <link>https://streamango.com/f/leqmoeckkpelnemq/Halloween_4_The_Return_Of_Michael_Myers_fiveofseven_zombiRG_mp4</link>
        <thumbnail>https://image.tmdb.org/t/p/w640/oudmrV1WljSJMpgwq6K4VzbIMMK.jpg</thumbnail>
        </item>

        <item>
        <title>[COLORorange]Halloween 5: The Revenge of Michael Myers (1989)[/COLOR]</title>
        <link>https://streamango.com/f/nncpqqmlcoarcaol/Halloween_5_fiveofseven_zombiRG_mp4</link>
        <thumbnail>https://image.tmdb.org/t/p/w1280/gQwN6KXBuO94kaYpeX3uaueszkd.jpg</thumbnail>
        </item>

        <item>
        <title>[COLORorange]Halloween: The Curse of Michael Myers (1995)[/COLOR]</title>
        <link>https://streamango.com/f/ecpofmsmpncsomno/Halloween_6_The_Curse_of_Michael_Myers_1995_720p_BRrip_x264_YIFY_mp4</link>
        <thumbnail>https://image.tmdb.org/t/p/w1280/8Tw5IttoEATGD2FHhcG9bDzqwbi.jpg</thumbnail>
        </item>

        <item>
        <title>[COLORorange]Halloween H2O: 20 Years Later (1998)[/COLOR]</title>
        <link>https://streamango.com/f/tfbmfttqoqcstsst/Halloween_H20_20_Years_Later_1998_avi</link>
        <thumbnail>https://image.tmdb.org/t/p/w1280/crycJDHRvpQyZeQyRYtIZKIpNzK.jpg</thumbnail>
        </item>

        <item>
        <title>[COLORorange]Halloween: Resurrection (2002)[/COLOR]</title>
        <link>https://streamango.com/f/cqplqcepfepomcfr/Halloween_The_Resurrection_avi</link>
        <thumbnail>https://image.tmdb.org/t/p/w1280/9aKyqYdOGbZvUCRDxXAbRqCxM5e.jpg</thumbnail>
        </item>

        <item>
        <title>[COLORorange]Halloween (2007)[/COLOR]</title>
        <link>https://streamango.com/f/bkdrdpfbpqeafddq/Halloween_UNRATED_2007_720p_BRrip_x264_YIFY_mp4</link>
        <thumbnail>https://image.tmdb.org/t/p/w1280/9CPYBA1Fq5BdCmViSPyfPiBOcTH.jpg</thumbnail>
        </item>

        <item>
        <title>[COLORorange]Halloween II (2009)[/COLOR]</title>
        <link>https://streamango.com/f/ecslkssmebektfcq/Halloween_II_2009_1080p_BRrip_x264_YIFY_mp4</link>
        <thumbnail>https://image.tmdb.org/t/p/w1280/pXei2go7b2d5VyAvMKAVhyPqecW.jpg</thumbnail>
        </item>

        <item>
        <title>[COLORorange]Halloweentown (1998)[/COLOR]</title>
        <link>https://streamango.com/f/raeemlkkepnprtnc/Halloweentown_1998_DvDrip_eng_Tam_avi</link>
        <thumbnail>https://image.tmdb.org/t/p/w640/b2bUOe2qL86GUDoncknSqCXaQgK.jpg</thumbnail>
        </item>

        <item>
        <title>[COLORorange]Halloweentown II: Kalabar's Revenge (2001)[/COLOR]</title>
        <link>https://streamango.com/f/qmbfercmcebplcop/Halloweentown_II_-_Kalabar_s_Revenge_2001_DvDrip_eng_Tam_avi</link>
        <thumbnail>https://image.tmdb.org/t/p/w1280/v5ZJECL4rKsYGnmz61C5qtaj3xj.jpg</thumbnail>
        </item>

        <item>
        <title>[COLORorange]Halloweentown High (2004)[/COLOR]</title>
        <link>https://streamango.com/f/fnmtrqmrbfmncaln/Halloweentown_High_2004_DvDrip_Eng_Tam_avi</link>
        <thumbnail>https://image.tmdb.org/t/p/w1280/unR7yBuFLvz0QkJ7BVh4TmMT3Uc.jpg</thumbnail>
        </item>

        <item>
        <title>[COLORorange]Jeepers Creepers (2001)[/COLOR]</title>
        <link>https://streamango.com/f/cnfcrldfpeqfrppe/Jeepers_Creepers_2001_1080p_BRRip_x264_FRISKY_mp4</link>
        <thumbnail>https://image.tmdb.org/t/p/w1280/gaIiibMDw95MDT0QtpwMCFDSyQO.jpg</thumbnail>
        </item>

        <item>
        <title>[COLORorange]Return to Halloweentown (2006)[/COLOR]</title>
        <link>https://streamango.com/f/rtlfkrfqpmtkcqtl/Return_To_Halloweentown_2007_SWESUB_DVDRip_XviD-SWEpneT_avi</link>
        <thumbnail>https://image.tmdb.org/t/p/w1280/oiL8krInXEmtaLUqciN6g4UWGwT.jpg</thumbnail>
        </item>

        <item>
        <title>[COLORorange]Hellraiser (1987)[/COLOR]</title>
        <link>https://streamango.com/f/etkkofefqaqebrpn/Hellraiser_1987_DVDRip_ENG-BlicaDePreto_avi</link>
        <thumbnail>https://image.tmdb.org/t/p/w1280/hcq0TqbjBkPIOCKwYY5WTcjvT8o.jpg</thumbnail>
        </item>

        <item>
        <title>[COLORorange]Hocus Pocus (1993)[/COLOR]</title>
        <link>https://streamango.com/f/tbbareqqaeotobfm/Hocus_Pocus_1993_1080p_BrRip_x264_YIFY_mp4</link>
        <thumbnail>https://image.tmdb.org/t/p/w1280/okCXNIX9QXNXbWM9NBnKlMpYVBd.jpg</thumbnail>
        </item>

        <item>
        <title>[COLORorange]Horror of Dracula (1958)[/COLOR]</title>
        <link>https://streamango.com/f/mcmdscplqoasbpca/The_Horror_of_Dracula_avi</link>
        <thumbnail>https://image.tmdb.org/t/p/w1280/ta6eEnj6A2WpI0PxMeWwaaZ9syd.jpg</thumbnail>
        </item>

        <item>
        <title>[COLORorange]Hotel Transylvania (2012)[/COLOR]</title>
        <link>https://streamango.com/f/scaomlnnadknflms/Hotel_Transylvania_2012_720p_BluRay_x264_YIFY_mp4</link>
        <thumbnail>https://image.tmdb.org/t/p/w640/fHntg68hzEtpDuvx8PWTHoPsED2.jpg</thumbnail>
        </item>

        <item>
        <title>[COLORorange]Hotel Transylvania 2 (2015)[/COLOR]</title>
        <link>https://streamango.com/f/aatdrtcsdqmlkebo/Hotel_Transylvania_2_2015_720p_HDRip_X264-REMO_mkv</link>
        <thumbnail>https://image.tmdb.org/t/p/w640/cFQHMUmxaO3PEDo5lxuQC8MCRIH.jpg</thumbnail>
        </item>

        <item>
        <title>[COLORorange]Its the Great Pumpkin Charlie Brown (1966)[/COLOR]</title>
        <link>https://streamango.com/f/adsplsomknekpdnt/Its_The_Great_Pumpkin_Charlie_Brown_1966_MnM-RG_H264_mp4</link>
        <thumbnail>https://image.tmdb.org/t/p/w640/9QdnfxTDKUSW1t23sKSQjPNs0iD.jpg</thumbnail>
        </item>

        <item>
        <title>[COLORorange]Monster House (2006)[/COLOR]</title>
        <link>https://streamango.com/f/dfqscrmlstnkcqod/Monster_House_2006_720p_BluRay_x264_YIFY_mp4</link>
        <thumbnail>https://image.tmdb.org/t/p/w1280/vOhKyKxlmtRwRHqKGV2VrFhJjCG.jpg</thumbnail>
        </item>

        <item>
        <title>[COLORorange]Night of the Living Dead (1968)[/COLOR]</title>
        <link>https://streamango.com/f/lkkmeeefcqnbamcs/Night_Of_The_Living_Dead_1968_720p_BRRip_x264-x0r_mkv</link>
        <thumbnail>https://image.tmdb.org/t/p/w640/aE65rDcG2xiKPnl5ypAqh2jg0g6.jpg</thumbnail>
        </item>

        <item>
        <title>[COLORorange]ParaNorman (2012)[/COLOR]</title>
        <link>https://streamango.com/f/nadosndfcblafbml/Paranorman_2012_720p_BrRip_x264_YIFY_mp4</link>
        <thumbnail>https://image.tmdb.org/t/p/w1280/pfGmWVyGHgdJrdKrZ5RWZpbAhkn.jpg</thumbnail>
        </item>

        <item>
        <title>[COLORorange]Pumpkinhead (1988)[/COLOR]</title>
        <link>https://streamango.com/f/neamdfrqdanbldrs/Pumpkinhead_1988_720p_BluRay_x264_YIFY_mp4</link>
        <thumbnail>https://image.tmdb.org/t/p/w1280/aQmTz1oa4vmTfL5UCeWSBNqfSIk.jpg</thumbnail>
        </item>

        <item>
        <title>[COLORorange]Sleepy Hollow (1999)[/COLOR]</title>
        <link>https://streamango.com/f/pqkpcnnqtrffknof/Sleepy_Hollow_1999_720p_BrRip_x264_YIFY_mp4</link>
        <thumbnail>https://image.tmdb.org/t/p/w640/mTN4m41lHKaIf0dVcWzVdCJOYik.jpg</thumbnail>
        </item>

        <item>
        <title>[COLORorange]Tales of Halloween (2015)[/COLOR]</title>
        <link>https://streamango.com/f/maffsplsktpmtono/Tales_of_Halloween_2015_720p_WEBRip_x264_AAC-ETRG_mp4</link>
        <thumbnail>https://image.tmdb.org/t/p/w1280/hISRq3TJdALQj1RGCS6bQxbTnAf.jpg</thumbnail>
        </item>

        <item>
        <title>[COLORorange]The Addams Family (1991)[/COLOR]</title>
        <link>https://streamango.com/f/epekalltrfpktcmq/The_Addams_Family_1991_720p_BluRay_x264_YIFY_mp4</link>
        <thumbnail>https://image.tmdb.org/t/p/w1280/ajiQj0jbacMAmPxDU3fP9TeIfTi.jpg</thumbnail>
        </item>

        <item>
        <title>[COLORorange]The Brides of Dracula (1960)[/COLOR]</title>
        <link>https://streamango.com/f/soskqsflrktbfrol/The_Brides_of_Dracula_1960_720p_BluRay_x264_YIFY_mp4</link>
        <thumbnail>https://image.tmdb.org/t/p/w1280/zO3v1I1CEGVoerS1nD0wTMULr6d.jpg</thumbnail>
        </item>

        <item>
        <title>[COLORorange]The Curse of Frankenstein (1957)[/COLOR]</title>
        <link>https://streamango.com/f/clnpseaamqffskbd/The_Curse_of_Frankenstein_Horror_1957_Peter_Cushing_Hazel_Court_Robert_Urquhart_BR_mp4</link>
        <thumbnail>https://image.tmdb.org/t/p/w640/f4dwXdeZFHzLKMNgKGe46RWsMmM.jpg</thumbnail>
        </item>

        <item>
        <title>[COLORorange]The Houses October Built (2014)[/COLOR]</title>
        <link>https://streamango.com/f/alkrsdstbqffbfcd/The_Houses_October_Built_2014_WEB-DL_x264-RARBG_mp4</link>
        <thumbnail>https://image.tmdb.org/t/p/w1280/b4FCnCClSVTHK55QiNwS9p9IeCF.jpg</thumbnail>
        </item>

        <item>
        <title>[COLORorange]The Houses October Built 2 (2017)[/COLOR]</title>
        <link>https://streamango.com/f/bcrortqrllcbando/The_Houses_October_Built_2_2017_HDRip_DD2_0_x264-BDP_mkv</link>
        <thumbnail>https://image.tmdb.org/t/p/w640/9ePD42CjuXgwsFNDl3EC8KRi0XC.jpg</thumbnail>
        </item>

        <item>
        <title>[COLORorange]The Monster Squad (1987)[/COLOR]</title>
        <link>https://streamango.com/f/btqtmmnctqmqdord/The_Monster_Squad_1987_720p_BluRay_x264_VPPV_mp4</link>
        <thumbnail>https://image.tmdb.org/t/p/w1280/ise6Cvp4nWqfQ8hOyEK0MmctLV8.jpg</thumbnail>
        </item>

        <item>
        <title>[COLORorange]The Nightmare Before Christmas (1993)[/COLOR]</title>
        <link>https://streamango.com/f/tkcesqtnceokbelc/The_Nightmare_Before_Christmas_1993_DvDrip_Eng_-YeasT_avi</link>
        <thumbnail>https://image.tmdb.org/t/p/w1280/6oxkO1VgKCq74fNILKAg6t2dVEt.jpg</thumbnail>
        </item>

        <item>
        <title>[COLORorange]Trick r Treat (2007)[/COLOR]</title>
        <link>https://streamango.com/f/rkccsttektamsktk/Trick_or_Treat_1986_720p_BluRay_x264_YIFY_mp4</link>
        <thumbnail>https://image.tmdb.org/t/p/w1280/evI1rvNgKgbEDnG6Ah3csEXnclB.jpg</thumbnail>
        </item>

        <item>
        <title>[COLORorange]When Good Ghouls Go Bad (2001)[/COLOR]</title>
        <link></link>
        <thumbnail>https://image.tmdb.org/t/p/w640/tYNhlRqFmsAqitOvfrWfY4JWQjV.jpg</thumbnail>
        </item>

        <item>
        <title>[COLORorange]Young Frankenstein (1974)[/COLOR]</title>
        <link>https://streamango.com/f/rcqmmetmakdrmres/Young_Frankenstein_1974_720p_BRrip_x264_YIFY_mp4</link>
        <thumbnail>https://image.tmdb.org/t/p/w1280/a3Bj2ht6liBFafNM46hqk9WEhcY.jpg</thumbnail>
        </item>
        
</items>