<?xml version="1.0" encoding="UTF-8" standalone="yes"?>
<addon id="plugin.video.faith"
	name="Faith"
	version="0.0.2"
	provider-name="Taquitz">
  <requires>
    <import addon="xbmc.python" version="2.19.0"/>
    <import addon="script.module.addon.common" version="2.0.0"/>
    <import addon="plugin.video.youtube" version="5.0.0"/>
  </requires>
  <extension point="xbmc.python.pluginsource" library="default.py">
    <provides>video</provides>
  </extension>
  <extension point="xbmc.addon.metadata">
    <summary lang="en">Religious movies and more</summary>
    <description lang="en">.</description>
    <platform>all</platform>
    <forum>n/a</forum>
    <website>n/a</website>
  </extension>
</addon>
