<?xml version="1.0" encoding="UTF-8" standalone="yes"?>
<addon id="script.module.ytpsearch" name="YouTube Playlist Search" version="0.0.1" provider-name="MuadDib">
  <requires>
    <import addon="xbmc.python" version="2.1.0"/>
    <import addon="plugin.video.youtube"/>
  </requires>
  <extension point="xbmc.python.module" library="lib" />
  <extension point="xbmc.addon.metadata">
    <language>en</language>
    <summary lang="en">Searches passed playlists on YouTube for matching content</summary>
    <description lang="en"></description>
    <disclaimer lang="en"></disclaimer>
    <platform>all</platform>
  </extension>
</addon>