<?xml version="1.0" encoding="UTF-8" standalone="yes"?>
<addon id="plugin.video.hammertime" name="HammerTime" version="0.0.1" provider-name="Doggmatic71">
	<requires>
		<import addon="xbmc.python" version="2.19.0" />
		<import addon="script.module.nanscrapers" version="0.5.5" />
        <import addon="script.module.python.koding.aio" version="0.0.1"/>
	</requires>
	<extension point="xbmc.python.pluginsource" library="default.py">
		<provides>video</provides>
	</extension>
	<extension point="xbmc.addon.metadata">
		<summary lang="en">DIY Videos</summary>
		<description lang="en"> All types of DIY and Makeover videos</description>
		<platform>all</platform>
		<genre>movies,usa</genre>
		<video_guide></video_guide>
		<video_preview></video_preview>
	</extension>
</addon>
